car_model,price,year_model,kms,color,fueltype
Renault Logan Life 1.6 2023 Mq,$57.296.142,2023,0,Blanco,Gasolina
Renault Logan 1.6 Life,$39.990.000,2023,73.110,Gris,Gasolina
Renault Logan 1.6 Expression,$35.600.000,2018,47.000,Gris,Gasolina
Renault Logan 1.6 Expression Fii,$24.500.000,2013,135.000,Azul,Gasolina
Renault Logan Familier  1400cc Mt Aa,$21.500.000,2010,89.900,Gris,Gasolina
Renault Logan Polar 1.6,$41.500.000,2020,64.000,Gris,Gasolina
Renault Logan Aut 16v Motor Intens 110hp Divino Financiamos,$51.900.000,2023,29.000,Plateado,Gasolina
Renault Logan 1.6 Privilege / Intens,$48.900.000,2020,41.000,Dorado,Gasolina
Renault Logan 1.6 Authentique / Life,$46.000.000,2023,47.950,Gris,Gasolina
Renault Logan 1.6 Life,$50.000.000,2023,63.000,Rojo,Gasolina
Renault Logan Mt 2023,$44.900.000,2023,16.000,Plateado,Gasolina
Renault Logan Mt 2023,$44.900.000,2023,15.000,Gris,Gasolina
Renault Logan LIFE 1.6,$49.400.000,2023,25.916,Plateado,Gasolina
Renault Logan 1.6 Intens,$52.000.000,2020,38.000,Gris,Gasolina
Renault Logan INTENSE,$57.990.000,2023,19.196,Gris,Gasolina
Renault Loganprivilegeautomatique 46622,$37.900.000,2018,85.182,Color not found,Gasolina
Renault Logan Mt 2023,$44.900.000,2023,15.000,Plateado,Gasolina
Renault Logan Mt 2022,$42.900.000,2022,25.000,Plateado,Gasolina
Renault Logan 1.6 Life,$57.700.000,2023,0,Gris,Gasolina
Renault Logan At 2022,$46.900.000,2022,24.000,Gris,Gasolina
Renault Logan Mt 2018,$35.900.000,2018,62.000,Blanco,Gasolina
Renault Logan Mt 2023,$44.900.000,2023,20.000,Gris,Gasolina
Renault Logan Life ,$49.990.000,2023,15.000,Plateado,Gasolina
Renault Logan 1.4 Entry Familier,$23.000.000,2009,182.000,Azul,Gasolina
Renault Logan Life Plus 2025 Ds,$64.990.000,2023,0,Gris,Gasolina
Renault Logan 1.6 Dynamique Fii,$25.500.000,2012,146.000,Gris,Gasolina
Renault Logan 1.6 Authentique,$35.000.000,2016,93.784,Gris,Gasolina
Renault Logan 1.6 Privilege / Intens,$43.000.000,2020,54.700,Gris,Gasolina
Renault Logan 1.6 Privilege / Intens,$32.000.000,2017,84.000,Gris,Gasolina
Renault Logan 1.6 Privilege / Intens,$39.900.000,2018,73.000,Blanco,Gasolina
Renault Logan 1.6 Expression / Life +,$45.900.000,2020,38.000,Plateado,Gasolina
Renault Logan 1.6 Authentique / Life,$48.000.000,2022,45.000,Dorado,Gasolina
Renault Logan 1.6 Expression / Life +,$42.900.000,2022,24.000,Gris,Gasolina
Renault Logan 1.4 Entry Familier Fii,$24.900.000,2015,114.000,Gris,Gasolina
Renault Logan 1.6 Authentique,$36.000.000,2019,40.400,Gris,Gasolina
Renault Logan LIFE,$55.900.000,2023,26.780,Gris,Gasolina
Renault Logan Privilege,$42.900.000,2017,48.964,Negro,Gasolina
Renault Logan 1.6 Expression,$31.900.000,2018,65.000,Plateado,Gasolina
Renault Logan Zen,$53.900.000,2022,27.690,Rojo,Gasolina
Renault Logan 1.6 Authentique / Life,$54.900.000,2023,32.062,Gris,Gasolina
Renault Logan 1.6 Dynamique Fii,$21.500.000,2011,92.000,Azul,Gasolina
Renault Logan Expression Night & Day,$37.800.000,2018,46.000,Plateado,Gasolina
Renault Logan 1.6 Intens Aut,$66.500.000,2024,16.000,Plateado,Gasolina
Renault Logan 1.6 Authentique / Life,$34.900.000,2019,66.000,Gris,Gasolina
Renault Logan 1.6 Expression / Life +,$38.999.000,2019,89.000,Plateado,Gasolina
Renault Logan LIFE,$37.900.000,2019,68.436,Gris,Gasolina
Renault Logan 1.6 Authentique / Life,$36.500.000,2018,47.000,Gris,Gasolina
Renault Logan Zen Modelo 2021,$51.000.000,2021,29.600,Gris,Gasolina
Renault Koleos 2.5 Dynamique 4x4,$44.900.000,2014,98.000,Blanco,Gasolina
Renault Logan 1.6 Privilege / Intens,$41.000.000,2018,28.000,Gris,Gasolina
Renault Logan LIFE EXPRESSION 1.6 MT,$39.900.000,2020,35.000,Plateado,Gasolina
Renault Logan 1.6 Authentique / Life,$43.900.000,2022,37.000,Gris,Gasolina
Renault Logan LIFE + MT 1.6,$36.500.000,2019,38.000,Blanco,Gasolina
Renault Logan 1.4 Entry Familier,$21.000.000,2011,131.000,Gris,Gasolina
Renault Logan 1.6 Privilege / Intens,$41.500.000,2019,37.000,Plateado,Gasolina
Renault Logan Mt 2023,$44.900.000,2023,15.000,Plateado,Gasolina
Renault Logan 1.6 Dynamique,$18.500.000,2010,160.000,Negro,Gasolina
Renault Logan 1.6 Dynamique,$49.500.000,2021,19.400,Rojo,Gasolina
Renault Logan 1.6 Expression / Life +,$53.990.000,2023,20.200,Plateado,Gasolina
Renault Logan 1.6 Expression / Life +,$54.490.000,2023,28.000,Plateado,Gasolina
Renault Logan 1.6 Privilege / Intens,$36.900.000,2017,80.000,Gris,Gasolina
Renault Logan 1.6 Life Automatico,$49.500.000,2022,26.000,Gris,Gasolina
Renault Logan 1.6 Authentique,$34.000.000,2018,123.000,Plateado,Gasolina
Renault Logan 1.6 Expression,$33.500.000,2016,79.000,Color not found,Gasolina
Renault Logan Life Ph2 ,$43.500.000,2021,47.500,Color not found,Gasolina
Renault Logan 1.6 Life Plus,$64.990.000,2024,3.839,Blanco,Gasolina
Renault Logan 1.6 Expression Fii,$25.700.000,2012,75.000,Gris,Gasolina
Renault Logan 1.6 Life,$53.990.000,2023,27.100,Blanco,Gasolina
Renault Logan 1.6 Authentique,$39.900.000,2022,40.800,Blanco,Gasolina
Renault Logan 2020 Version Polar ,$39.500.000,2020,65.000,Rojo,Gasolina
Renault Logan 1.6 Expression / Life +,$42.990.000,2021,54.000,Plateado,Gasolina
Renault Logan 1.6 Expression / Life +,$48.300.000,2022,22.800,Gris,Gasolina
Renault Logan 1.4 Familier,$25.500.000,2012,128.000,Azul,Gasolina
Renault Logan Entry Familier,$38.000.000,2019,67.000,Rojo,Gasolina
Renault Logan 1.4 Familier,$30.200.000,2015,91.000,Gris,Gasolina
Renault Logan 1.6 Authentique / Life,$36.000.000,2019,66.213,Gris,Gasolina
Renault Logan Exclusive At 1.6 Fjw240,$39.990.000,2019,62.813,Gris,Gasolina
Renault Logan 1.6 Expression / Life +,$36.500.000,2020,81.350,Gris,Gasolina
Renault Logan 1.6 Expression,$39.800.000,2017,90.000,Dorado,Gasolina
"Renault Logan Dynamique Mec 1,6",$36.800.000,2016,74.772,Rojo,Gasolina
Renault Logan 1.6 Life,$40.000.000,2019,61.191,Plateado,Gasolina
Renault Logan 1.6 Life,$53.000.000,2023,9.200,Gris,Gasolina
Renault Logan 1.6 Privilege / Intens,$40.500.000,2018,105.000,Dorado,Gasolina
"Renault Logan Expression Mec 1,6",$34.800.000,2016,70.184,Gris,Gasolina
Renault Logan 1.6 Expression / Life +,$48.500.000,2022,50.000,Gris,Gasolina
Renault Logan Zen 2025 - Llévalo Con Excelente Precio!!,$68.990.000,2023,0,Gris,Gasolina
Renault Logan intens,$65.900.000,2023,23.210,Blanco,Gasolina
Renault Logan 1.6 Authentique,$39.000.000,2018,46.579,Dorado,Gasolina
Renault Logan 1.6 Expression / Life +,$51.000.000,2023,24.514,Gris,Gasolina
Renault Logan Life+ Mt 1.6 16v A/a Gpy596,$47.990.000,2020,61.054,Rojo,Gasolina
Renault New Logan Exclusive 1.6 Aut 2019 Eny691,$47.200.000,2019,79.052,Gris,Gasolina
Renault Logan LIFE,$48.500.000,2023,26.800,Gris,Gasolina
Renault Logan 1.6 Expression Fii,$26.000.000,2013,161.350,Gris,Gasolina
Renault Logan 1.6 Life Plus,$56.900.000,2024,8.400,Blanco,Gasolina
Renault Logan Zen Mt 1.6 Gzx257,$52.990.000,2021,42.829,Rojo,Gasolina
Renault Logan 1.6 Life,$41.000.000,2020,73.252,Plateado,Gasolina
Renault Logan Intens Cc1600 Automatico 114hp,$58.900.000,2023,19.700,Blanco,Gasolina
Renault Logan LIFE 1.6,$46.900.000,2022,41.261,Dorado,Gasolina
Renault Logan 1.6 Authentique / Life,$35.900.000,2018,53.800,Rojo,Gasolina
Renault Logan 1.4 Entry Familier Fii,$26.800.000,2014,134.000,Gris,Gasolina
Renault Logan Intens,$70.500.000,2024,38.000,Blanco,Gasolina
Renault Logan Dynamique Mt,$27.900.000,2013,87.325,Blanco,Gasolina
Renault Logan 1.6 Expression Fii,$25.900.000,2013,94.000,Blanco,Gasolina
Renault Logan Modelo 2022,$55.000.000,2022,72.000,Gris,Gasolina
Renault Logan Life Plus- 2025- Llevalo Con Excelente Precio!,$63.490.000,2023,0,Gris,Gasolina
Renault Logan 1.6 Privilege / Intens,$35.900.000,2017,97.000,Plateado,Gasolina
Renault Logan 1.6 Privilege / Intens,$60.900.000,2022,14.000,Plateado,Gasolina
Renault Logan 1.6 PRIVILEGE AUTOMATICO,$32.900.000,2016,99.700,Gris,Gasolina
Renault Logan LIFE 1.6,$46.900.000,2022,22.949,Gris,Gasolina
Renault Logan 1.6 Aa,$44.500.000,2023,28.000,Plateado,Gasolina
Renault Logan 1.4 Entry Familier Fii,$26.900.000,2016,113.200,Color not found,Gasolina
Renault Logan 1.6 Life Plus,$62.390.000,2024,0,Blanco,Gasolina
Renault Logan 1.6 Dynamique,$31.900.000,2016,69.000,Plateado,Gasolina
Renault Logan 1.6 Privilege / Intens,$40.000.000,2019,77.000,Gris,Gasolina
Renault Logan 1.6 Dynamique Fii,$24.900.000,2011,167.000,Plateado,Gasolina
Renault Logan Authentique Automatico,$37.300.000,2020,80.000,Plateado,Gasolina
Renault Logan 1.6 Authentique / Life,$35.500.000,2018,98.000,Blanco,Gasolina
Renault Logan LIFE 1.6,$49.400.000,2023,28.448,Blanco,Gasolina
Renault Logan 1.6 Authentique / Life,$35.900.000,2017,68.000,Gris,Gasolina
Renault Logan expresión 1.6 MT,$20.900.000,2008,185.000,Plateado,Gasolina
Renault Logan Mecánico Expression,$37.500.000,2018,84.000,Gris,Gasolina
Renault Logan 1.6 Dynamique ,$23.500.000,2010,140.000,Azul,Gasolina
Renault Logan Life 2023 Mt,$46.900.000,2023,24.000,Plateado,Gasolina
Renault Logan 1.4 Entry Familier Fii,$25.000.000,2012,184.000,Gris,Gasolina
Renault Logan Dynamique Mt,$42.999.000,2019,67.500,Blanco,Gasolina
Renault Logan 1.6 Privilege,$31.000.000,2017,102.800,Gris,Gasolina
Renault Logan 1.4 Entry Familier Fii,$24.500.000,2013,227.000,Blanco,Gasolina
Renault Logan 1.6 Privilege / Intens,$37.000.000,2017,40.479,Negro,Gasolina
Renault Logan Exclusive 2020,$47.990.000,2020,20.800,Plateado,Gasolina
Renault Logan Family 2016,$28.499.999,2016,105.000,Gris,Gasolina
Renault Logan Privilege,$38.900.000,2017,1,Plateado,Gasolina
Renault Logan Dynamique 1.6,$30.000.000,2015,218.500,Rojo,Gasolina
Renault Logan 2020,$37.300.000,2020,75.300,Plateado,Gasolina
Renault Logan Authentique,$36.900.000,2020,1,Plateado,Gasolina
Renault Logan 1.6 Dynamique Fii,$31.500.000,2015,60.300,Gris,Gasolina
Renault Logan Intens Mt 1.6 Kqz831,$51.990.000,2022,43.388,Gris,Gasolina
Renault Logan 1.6 Exclusive,$39.500.000,2018,92.550,Plateado,Gasolina
Renault Logan 1.6 Expression / Life +,$33.900.000,2018,70.000,Plateado,Gasolina
Renault Logan 1.4 Entry Familier Fii,$30.000.000,2015,133.634,Rojo,Gasolina
Renault Logan Zen,$54.900.000,2022,32.084,Gris,Gasolina
Renault Logan 1.6 life Mecanico,$45.900.000,2023,21.000,Blanco,Gasolina
Renault Logan 1.6 Privilege / Intens,$40.990.000,2017,98.000,Gris,Gasolina
Logan Privilege At,$38.000.000,2017,99.729,Dorado,Gasolina
Logan Intense At ,$50.500.000,2019,52.903,Gris,Gasolina
Renault Logan Life +,$62.896.200,2024,0,Gris,Gasolina
Renault Logan 1.6 Authentique / Life,$57.000.000,2023,2.200,Plateado,Gasolina
Renault Logan INTENS 1.6,$50.400.000,2021,24.204,Rojo,Gasolina
Renault Logan intens,$40.900.000,2018,51.078,Rojo,Gasolina
Renault Logan 1.6 Authentique / Life,$32.800.000,2017,78.000,Gris,Gasolina
Renault Logan 1.6 Life Plus,$66.439.800,2024,0,Blanco,Gasolina
Renault Logan 1.6 Dynamique Fii,$27.000.000,2011,171.000,Negro,Gasolina
Renault Logan 1.6 LIFE AUTOMATICO,$49.800.000,2023,14.000,Gris,Gasolina
Renault Logan 1.6 Expression Fii,$32.900.000,2016,73.000,Plateado,Gasolina
Renault Logan 1.4 Entry Familier,$20.900.000,2010,160,Plateado,Gasolina
Renault Logan 1.6 Authentique,$33.000.000,2017,82.300,Gris,Gasolina
Renault Logan Authentique life mt 1600cc,$35.000.000,2020,56.000,Plateado,Gasolina
Renault Logan 1.6 Life Plus,$57.900.000,2024,18.180,Blanco,Gasolina
Renault Logan 1.6 Authentique / Life,$54.400.000,2023,67.149,Gris,Gasolina
Renault Logan 1.6 Expression,$33.900.000,2016,75.800,Color not found,Gasolina
Renault Logan 1.4 Entry Familier Fii,$28.000.000,2014,118.000,Rojo,Gasolina
Renault Logan 1.6 Authentique,$39.500.000,2019,48.600,Color not found,Gasolina
Renault Logan 1.6 Privilege / Intens,$56.300.000,2022,23.000,Color not found,Gasolina
Renault Logan 1.6 Expression,$29.900.000,2016,56.000,Gris,Gasolina
Renault Logan 1.6 Expression Fii,$29.900.000,2014,57.000,Gris,Gasolina
Renault Logan 1.6 Privilege / Intens,$38.600.000,2019,45.000,Gris,Gasolina
Renault Logan Life +,$39.500.000,2019,48.000,Rojo,Gasolina
Renault Logan 1.4 Familier,$24.900.000,2012,76.000,Gris,Gasolina
Renault Logan Mt 1.6cc 16v 2023,$42.700.000,2023,Publicado,Gris,Gasolina
Renault Logan 1.6 Authentique / Life,$46.300.000,2023,20.000,Color not found,Gasolina
Renault LOGAN LIFE PLUS LIFE,$46.900.000,2023,24.000,Plateado,Gasolina
Renault Logan 1.6 Privilege / Intens,$54.500.000,2022,23.000,Gris,Gasolina
Renault Logan 1.4 Expression,$19.800.000,2007,170.000,Gris,Gasolina
Renault Logan 1.6 Privilege / Intens,$33.800.000,2017,123.000,Plateado,Gasolina
Renault Logan Mod 2022 At,$50.000.000,2022,65.543,Gris,Gasolina
Renault Logan 1.4 Entry Familier Fii,$26.900.000,2013,130.000,Color not found,Gasolina
Renault Logan 1.6 Expression,$39.500.000,2019,44.300,Dorado,Gasolina
Renault Logan 1.6 Dynamique,$31.990.000,2017,84.919,Gris,Gasolina
Renault Logan Life Mt 1.6cc 16v 2020,$39.900.000,2020,45.600,Plateado,Gasolina
Renault Logan AUTHENTIQUE 8V,$30.900.000,2017,Publicado,Plateado,Gasolina
Renault Logan 1.6 Expression / Life +,$43.990.000,2020,47.977,Rojo,Gasolina
Renault Logan 1.6 Authentique,$30.900.000,2017,79.000,Rojo,Gasolina
Renault Logan 1.6 Privilege / Intens,$50.900.000,2022,16.800,Gris,Gasolina
Renault Logan 1.6 Dynamique,$34.760.000,2016,77.999,Gris,Gasolina
Renault Logan Trip Advisor Modelo 2018,$37.000.000,2018,100.000,Gris,Gasolina
Renault Logan 1.6 PRIVILEGE AUT,$52.900.000,2021,55.000,Color not found,Gasolina
Renault Logan 1.6 Authentique / Life,$44.500.000,2023,21.000,Blanco,Gasolina
Renault Logan Intens 1.6 Mt,$56.900.000,2022,37.576,Gris,Gasolina
Renault Logan 1.6 Zen Mt 2023,$56.900.000,2023,51.157,Color not found,Gasolina
Renault Logan Mod 2022 At,$50.000.000,2022,60.305,Gris,Gasolina
Renault Logan 1.6 Dynamique Fii,$31.800.000,2014,72.000,Gris,Gasolina
Espectacular Logan Version  Day And Night Full Equipo (2017),$39.900.000,2017,68.000,Gris,Gasolina
Renault Logan 1.4 Entry Familier Fii,$23.900.000,2014,149.000,Negro,Gasolina
Renault Logan 1.6 Life,$45.800.000,2023,27.000,Blanco,Gasolina
Renault Logan Life + Mt1.6cc 16v 2024,$56.800.000,2024,37.700,Gris,Gasolina
Renault Logan 1.6 Expression / Life +,$51.000.000,2022,70.886,Gris,Gasolina
Renault Logan Automático,$40.000.000,2019,70.000,Plateado,Gasolina
Renault Logan 1.6 Privilege / Intens,$38.900.000,2017,62.811,Plateado,Gasolina
Renault Logan Privilege,$38.000.000,2017,93.000,Gris,Gasolina
Renault Logan 1.4 Entry Familier Fii,$22.900.000,2012,123.000,Dorado,Gasolina
Renault Logan 1400 Cc Aire Vidrios Radio Pantalla,$25.990.000,2012,120.000,Negro,Gasolina
Renault Logan 1.6 Expression / Life +,$33.900.000,2018,50.200,Plateado,Gasolina
Renault Logan 1.6 Dynamique Fii,$24.500.000,2013,98.125,Dorado,Gasolina
Renault Logan 1.6 Automatico,$48.900.000,2022,37.000,Gris,Gasolina
Renault Logan 1.6 Life,$42.900.000,2023,28.000,Plateado,Gasolina
Renault Logan LIFE,$42.000.000,2020,27.340,Gris,Gasolina
Renault Logan 2021,$39.900.000,2021,75.000,Gris,Gasolina
Renault Logan 1.6 Expression / Life +,$51.000.000,2022,55.963,Gris,Gasolina
Renault Logan 1.6 Expression / Life +,$51.000.000,2022,64.255,Gris,Gasolina
Renault Logan 1.6 Expression / Life +,$51.000.000,2022,62.824,Gris,Gasolina
Renault Logan 1.4 Entry Familier Fii,$25.990.000,2015,170.000,Gris,Gasolina
Renault Logan Mod 2022 At,$49.000.000,2022,55.000,Gris,Gasolina
Renault Logan Intens,$43.000.000,2018,77.908,Gris,Gasolina
Renault Logan 1.6 Expression,$51.000.000,2023,22.640,Dorado,Gasolina
Renault Logan 1.6 Life,$43.500.000,2023,18.000,Gris,Gasolina
Renault Logan 1.6 Life,$43.500.000,2023,17.000,Gris,Gasolina
Renault Logan 1.4 Entry Familier Fii,$26.500.000,2015,118.000,Negro,Gasolina
Renault Logan 1.6 Privilege / Intens,$40.990.000,2018,44.300,Plateado,Gasolina
Renault Logan Zen,$64.000.000,2023,24.271,Gris,Gasolina
Renault Logan 1.6 Authentique / Life,$37.900.000,2019,66.000,Plateado,Gasolina
Renault Logan,$35.800.000,0,0,Color not found,Fuel type not found
Renault Logan 1.4 Entry Familier Fii SA,$25.500.000,2014,104.000,Rojo,Gasolina
Renault Logan 1.6 Privilege / Intens,$50.000.000,2020,23.000,Gris,Gasolina
Renault Logan 1.6 Life,$41.000.000,2021,33.000,Blanco,Gasolina
Renault Logan 1.6 Expression,$37.500.000,2017,67.000,Gris,Gasolina
Renault Logan 1.6 Expression,$34.500.000,2018,83.000,Blanco,Gasolina
Renault Logan 1.6 Expression Fii,$24.800.000,2012,118.000,Gris,Gasolina
Renault Logan 1.4 Entry Familier,$22.500.000,2011,121.000,Gris,Gasolina
Renault Logan 1.6 Dynamique,$53.000.000,2023,41.000,Gris,Gasolina
Renault Logan 1.6 Expression / Life +,$51.000.000,2022,53.615,Gris,Gasolina
Renault Logan 1.6 Expression / Life +,$51.000.000,2022,55.864,Gris,Gasolina
Renault Logan 1.6 Expression / Life +,$51.000.000,2022,59.015,Gris,Gasolina
Renault Logan 1.6 Expression / Life +,$51.000.000,2022,60.475,Gris,Gasolina
Renault Logan 1.6 Expression,$33.000.000,2018,94.000,Color not found,Gasolina
Renault Logan 1.6 Expression / Life +,$39.900.000,2022,40.100,Color not found,Gasolina
Renault Logan 1.6 Authentique / Life,$52.000.000,2023,15,Gris,Gasolina
Renault Logan Expression,$32.900.000,2014,30.000,Blanco,Gasolina
Renault Logan 1.6 Expression,$29.500.000,2016,87.000,Plateado,Gasolina
Renault Logan 1.6 Expression Fii,$24.800.000,2012,102.000,Rojo,Gasolina
Renault Logan 1.6 Authentique,$32.900.000,2017,78.000,Plateado,Gasolina
Renault Logan 1.6 Privilege / Intens,$41.000.000,2019,48.500,Plateado,Gasolina
Renault Logan 1.6 Dynamique,$21.300.000,2008,141.000,Azul,Gasolina
Renault Logan 1.6 Privilege / Intens,$47.000.000,2019,58.777,Plateado,Gasolina
Renault Logan 1.6 Life,$41.900.000,2023,27.000,Blanco,Gasolina
Renault Logan 1.6 Privilege / Intens,$55.000.000,2022,21.000,Gris,Gasolina
Renault Logan 1.6 Expression / Life +,$51.000.000,2022,54.445,Gris,Gasolina
Renault Logan 1.6 Expression / Life +,$51.000.000,2022,53.311,Gris,Gasolina
Renault Logan 1.6 Mecánico 2023,$49.900.000,2023,43.700,Blanco,Gasolina
Renault Logan Expression,$29.999.999,2015,90.000,Rojo,Gasolina
Renault Logan 1.6 Life,$42.900.000,2021,40.000,Plateado,Gasolina
Renault Logan 1.4 Expression,$20.000.000,2007,180.000,Blanco,Gasolina
Renault Logan Mecanico,$42.900.000,2019,38.000,Gris,Gasolina
Renault Logan 1.6 Expression,$20.500.000,2008,152.000,Gris,Gasolina
Renault Logan 1.6 Privilege / Intens,$37.900.000,2018,85.000,Rojo,Gasolina
Renault Logan 1.6 Life,$40.900.000,2020,68.000,Gris,Gasolina
Renault Logan 1.6 Expression,$44.990.000,2019,39.000,Gris,Gasolina
Renault Logan 1.6 Expression / Life +,$51.000.000,2022,60.055,Gris,Gasolina
Renault Logan 1.6 Expression / Life +,$51.000.000,2022,54.849,Gris,Gasolina
Renault Logan 1.6 Authentique / Life,$33.900.000,2018,98.500,Plateado,Gasolina
Renault Logan logan Expression,$29.000.000,2013,157.485,Negro,Gasolina
Renault Logan 1.6 Expression,$34.900.000,2018,73.200,Plateado,Gasolina
Renault Logan 1.4 Entry Familier Fii,$25.500.000,2012,119.070,Rojo,Gasolina
Renault Logan 1.6 Expression / Life +,$51.000.000,2022,55.065,Gris,Gasolina
Renault Logan 1.6 Expression / Life +,$51.000.000,2022,58.962,Gris,Gasolina
Renault Logan 1.6 Expression / Life +,$51.000.000,2022,59.978,Gris,Gasolina
Renault Logan 1.6 Expression / Life +,$51.000.000,2022,62.580,Gris,Gasolina
Renault Logan 1.6 Expression / Life +,$51.000.000,2022,54.284,Gris,Gasolina
Renault Logan 1.6 Expression / Life +,$45.000.000,2022,24.000,Color not found,Gasolina
Renault Logan 1.6 Expression,$18.900.000,2008,143.000,Plateado,Gasolina
Renault Logan 1.6 Life Mec,$37.900.000,2019,44.500,Gris,Gasolina
Renault Logan 1.4 Entry Familier,$20.900.000,2010,136.000,Plateado,Gasolina
Renault Logan 1.6 Expression Fii,$27.800.000,2015,104.500,Dorado,Gasolina
Renault Logan 1.6 Expression,$32.000.000,2017,101.481,Gris,Gasolina
Renault Logan 1.6 Expression Fii,$25.900.000,2015,190.000,Gris,Gasolina
Renault Logan 1.6 Expression / Life +,$50.000.000,2022,56.472,Gris,Gasolina
Renault Logan 1.6 Dynamique,$50.500.000,2022,59.951,Gris,Gasolina
Renault Logan 1.6 Authentique,$39.000.000,2018,108.000,Gris,Gasolina
Renault Logan 1.6 Life,$43.900.000,2023,26.400,Gris,Gasolina
Renault Logan 1.6 Dynamique Fii,$26.900.000,2011,120.000,Plateado,Gasolina
Renault Logan LIFE MT 1.6CC 8V,$39.900.000,2023,25.000,Gris,Gasolina
Renault Logan 1.4 Entry Familier Fii,$23.800.000,2014,99.000,Gris,Gasolina
Renault Logan Intens,$53.900.000,2023,23.000,Gris,Gasolina
Renault Logan Familier ,$23.500.000,2011,112.000,Gris,Gasolina
Renault Logan 2006 1.4 Expression,$19.800.000,0,0,Color not found,Fuel type not found
Renault Logan Privilege/intense,$57.800.000,2022,32.000,Gris,Gasolina
Renault Logan 2012 Dynamique Full Equipo,$24.800.000,2012,138.000,Rojo,Gasolina
Renault Logan EXPRESSION 1.6,$22.990.000,2011,117.000,Rojo,Gasolina
Renault Logan 1.6 Intens,$70.000.000,2024,6.300,Plateado,Gasolina
Renault Logan Logan Life+smart,$36.000.000,2019,176.827,Gris,Gasolina
Renault Logan At 1.6cc 16v 2022,$45.900.000,2022,56.800,Plateado,Gasolina
Renault Logan 1.6 Expression / Life +,$44.000.000,2022,44.000,Plateado,Gasolina
Renault Logan Fleet At,$47.500.000,2022,25.700,Color not found,Gasolina
Renault Logan 1.6 Expression / Life +,$51.000.000,2022,60.416,Gris,Gasolina
Renault Logan 1.6 Expression / Life +,$38.500.000,2019,44.400,Gris,Gasolina
Renault Logan Life+,$47.000.000,2021,39.000,Gris,Gasolina
Renault Logan 1.4 Entry Familier,$27.900.000,2011,76.500,Negro,Gasolina
Renault Logan 1.6 Life,$45.000.000,2019,68.000,Gris,Gasolina
Renault Logan 1.6 Privilege / Intens,$48.000.000,2020,44.906,Plateado,Gasolina
Renault Logan 1.6 Privilege / Intens,$51.500.000,2021,36.000,Gris,Gasolina
Renault Logan 1.6 Authentique / Life,$32.500.000,2017,56.000,Gris,Gasolina
Renault Logan Logan Life,$43.000.000,2021,91.529,Gris,Gasolina
Logan Life 8v Fl 2021,$41.500.000,2021,32.000,Rojo,Gasolina
Renault Logan 1.4 Entry Familier,$24.000.000,2011,208.026,Negro,Gasolina
Renault Logan 1.4 Dynamique,$18.700.000,2006,126.900,Plateado,Gasolina
Renault Logan 1.6 Dynamique Fii,$27.000.000,2011,120.000,Plateado,Gasolina
Renault Logan 1.6 Privilege / Intens,$35.800.000,2017,55.029,Plateado,Gasolina
Renault Logan 1.6 Dynamique,$22.000.000,2008,101.466,Azul,Gasolina
Renault Logan 1.6 Expression,$36.500.000,2017,58.000,Gris,Gasolina
Renault Logan Privilege 1.6,$37.000.000,2017,78.000,Negro,Gasolina
Renault Logan 2018,$38.500.000,2018,44.500,Gris,Gasolina
Renault Logan 1.6 Expression Fii,$22.500.000,2011,158.000,Rojo,Gasolina
Renault Logan Exclusive 2019,$40.000.000,2019,42.000,Gris,Gasolina
Renault Logan DYNAMIQUE FULL EQUIPO A/A,$27.490.000,2011,117.000,Rojo,Gasolina
Renault Logan 1.6 Dynamique Fii,$26.900.000,2014,108.000,Gris,Gasolina
Renault Logan 1.4 Entry Familier Fii,$23.500.000,2013,139.680,Negro,Gasolina
Renault Logan 1.4 Entry Familier,$24.500.000,2011,84.000,Rojo,Gasolina
Renault Logan 1.6 Authentique / Life,$38.000.000,2019,64.500,Plateado,Gasolina
Renault Logan 1.6 Authentique / Life,$45.000.000,2021,12.419,Blanco,Gasolina
Renault Logan 1.4 Entry Familier Fii,$23.000.000,2013,103.954,Gris,Gasolina
Renault Logan 1.6 Expression Fii,$27.800.000,2015,86.000,Color not found,Gasolina
Renault Logan L,$40.500.000,2019,41.000,Gris,Gasolina
Renault Logan 1.4 Entry Familier Fii,$30.000.000,2016,90.500,Rojo,Gasolina
Renault Logan 1.6 Expression / Life +,$47.000.000,2022,33.000,Gris,Gasolina
Renault Logan 1.6 Expression,$20.000.000,2008,252.000,Color not found,Gasolina
Renault Logan 1.6 Authentique,$37.500.000,2020,71.000,Color not found,Gasolina
Renault Logan 1.4 Entry Familier Fii,$27.000.000,2012,129.000,Rojo,Gasolina
Renault Logan 1.4 Entry Familier Fii,$23.500.000,2012,115.000,Plateado,Gasolina
Renault Logan 1.6 Dynamique,$33.500.000,2016,136.446,Plateado,Gasolina
Renault Logan 1.6 Life,$47.500.000,2023,20.900,Plateado,Gasolina
Renault Logan 1.6 Expression Fii,$25.000.000,2012,224.230,Negro,Gasolina
Renault Logan 1.6 Privilege / Intens,$45.000.000,2020,39.500,Gris,Gasolina
Renault Logan 1.6 Expression Fii,$24.000.000,2013,116.000,Gris,Gasolina
Renault Logan 1.6 Dynamique Fii,$29.000.000,2015,108.000,Gris,Gasolina
Renault Logan 1.6 Dynamique Fii,$26.000.000,2013,168.169,Blanco,Gasolina
Renault Logan Zen Gris Cassiope 2022 - 23.000 Km,$49.900.000,2022,23.000,Gris,Gasolina
Renault Logan 1.4 Entry Familier Fii,$23.000.000,2014,138.000,Negro,Gasolina
Renault Logan 1.6 Authentique,$36.000.000,2017,36.000,Gris,Gasolina y gas
Renault Logan 1.4 Entry Familier Fii,$31.500.000,2015,64.000,Color not found,Gasolina
Renault Logan 1.6 Expression,$30.000.000,2016,159.000,Gris,Gasolina
Renault Logan 1.6 Expression,$37.000.000,2017,65.000,Gris,Gasolina
Renault Logan 1.6 Authentique / Life,$38.000.000,2018,70.800,Plateado,Gasolina
Renault Logan 1.4 Entry Familier Fii,$25.000.000,2015,171.000,Gris,Gasolina
Renault Logan 1.6 Expression / Life +,$52.000.000,2023,28.000,Color not found,Gasolina
Renault Logan 1.6 Dynamique,$37.000.000,2016,65.000,Gris,Gasolina
Renault Logan 1.6 Dynamique,$25.000.000,2007,189.000,Color not found,Gasolina
Renault Logan 1.6 Privilege / Intens,$34.000.000,2016,102.000,Color not found,Gasolina
Renault Logan 1.6 Privilege / Intens,$38.000.000,2016,49.500,Color not found,Gasolina
Renault Logan 1.4 Dynamique,$21.000.000,2007,119.500,Verde,Gasolina
Renault Logan 1.6 Privilege / Intens,$45.000.000,2020,60.000,Gris,Gasolina
Renault Logan 1.6 Life Polar,$38.000.000,2019,53.000,Plateado,Gasolina
Renault Logan 1.4 Entry Familier,$20.500.000,2011,198.600,Negro,Gasolina
Renault Logan 1.6 Expression / Life +,$43.500.000,2023,28.000,Gris,Gasolina
Renault Logan 1.4 Entry Familier,$22.000.000,2011,145.000,Color not found,Gasolina
Renault Logan 1.6 Privilege / Intens,$37.450.000,2019,485.000,Gris,Gasolina
Renault Logan 1.6 Expression,$36.500.000,2017,63.000,Gris,Gasolina
Renault Logan 1.6 Expression Nd,$23.500.000,2008,170.000,Blanco,Gasolina
Renault Logan 1.4 Entry Familier Fii,$27.000.000,2012,101.197,Negro,Gasolina
Renault Logan 1.6 Expression / Life +,$55.000.000,2023,28.000,Color not found,Gasolina
Renault Logan Mt 2018,$35.000.000,2018,56.000,Plateado,Gasolina
Renault Logan 1.6 Privilege / Intens,$37.000.000,2016,76.000,Gris,Gasolina
Renault Logan 1.6 Expression Nd,$20.000.000,2008,180.000,Rojo,Gasolina
Renault Logan 1.6 Expression / Life +,$46.000.000,2021,40.000,Blanco,Gasolina
Renault Logan 1.6 Expression Fii,$27.000.000,2014,146.000,Plateado,Gasolina
Renault Logan 1.6 Expression Fii,$27.000.000,2013,156.886,Azul,Gasolina
Renault Logan autentique Eif 1.6 Authentique / Life,$38.000.000,2019,52.700,Rojo,Gasolina
Renault Logan 1.6 Dynamique,$35.000.000,2016,77.000,Gris,Gasolina
Renault Logan 1.6 Dynamique Fii,$25.500.000,2011,156.000,Gris,Gasolina
Renault Logan 1.6 Expression,$38.500.000,2019,36.000,Plateado,Gasolina
Renault Logan 1.6 Expression / Life +,$37.990.000,2020,57.000,Plateado,Gasolina
Renault Logan 1.6 Dynamique Fii,$26.000.000,2011,75.550,Gris,Gasolina
Renault Logan 1.6 Expression,$35.000.000,2017,141.000,Blanco,Gasolina
Renault Logan 1.6 Privilege / Intens,$36.000.000,2017,97.000,Plateado,Gasolina
Renault Logan 1.6 Dynamique Nd,$24.900.000,2011,123.000,Azul,Gasolina
Renault Logan 1.6 Privilege / Intens,$44.000.000,2018,90.800,Marrón,Gasolina
Renault Logan 1.6 Privilege / Intens,$38.000.000,2018,94.500,Blanco,Gasolina
Renault Logan 1.6 Dynamique,$13.000.000,2006,76.702,Rojo,Gasolina
Renault Logan 1.6 Dynamique Fii,$31.000.000,2014,56.000,Rojo,Gasolina
Renault Logan 1.6 Dynamique Nd,$22.500.000,2010,190.000,Color not found,Gasolina
Renault Logan 1.6 Dynamique Fii,$26.500.000,2013,139.000,Gris,Gasolina
Renault Logan 1.6 Expression,$34.900.000,2017,107.000,Color not found,Gasolina
Renault Logan Polar,$38.000.000,2020,128.291,Color not found,Gasolina
Renault Logan 1.4 Entry Familier,$19.800.000,2011,128.500,Color not found,Gasolina
Renault Logan 1.6 Dynamique Fii,$26.500.000,2013,138.000,Color not found,Gasolina
Renault Logan 1.4 Entry Familier,$19.000.000,2009,113.000,Color not found,Gasolina
Renault Logan 1.4 Entry Familier Fii,$26.500.000,2015,120.000,Rojo,Gasolina
Renault Logan 1.6 Dynamique,$18.000.000,2007,140.000,Color not found,Gasolina
Renault Logan 1.6 Authentique / Life,$42.500.000,2022,47.000,Dorado,Gasolina
Renault Logan 1.6 Dynamique,$32.600.000,2016,117.000,Plateado,Gasolina
Renault Logan 1.6 Privilege / Intens,$64.000.000,2023,1.815,Gris,Gasolina
Renault Logan 1.6 Life,$56.000.000,2023,38.000,Blanco,Gasolina y gas
Renault Logan 1.6 Expression / Life +,$35.500.000,2017,78.500,Gris,Gasolina
Renault Logan 1.6 Expression Fii,$28.600.000,2016,89.000,Marrón,Gasolina
Renault Logan 1.4 Entry Familier Fii,$32.000.000,2016,59.500,Gris,Gasolina
Renault Logan 1.6 Dynamique,$35.000.000,2019,84.000,Gris,Gasolina
Renault Logan 1.6 Authentique,$45.000.000,2020,17.700,Plateado,Gasolina
Renault Logan Life +,$52.000.000,2023,31.432,Dorado,Gasolina
Renault Logan 1.4 Expression,$18.900.000,2008,125.000,Color not found,Gasolina
Renault Logan 1.6 Authentique,$34.900.000,2018,67.000,Plateado,Gasolina
Renault Logan 1.4 Entry Familier Fii,$27.000.000,2012,121.500,Plateado,Gasolina
Renault,$58.000.000,2023,22.500,Gris,Gasolina
Renault Logan 1.6 Privilege / Intens,$52.000.000,2020,51.200,Gris,Gasolina
Renault,$55.400.000,2022,11.500,Gris,Gasolina
Renault Logan 1.6 Privilege / Intens,$55.000.000,2022,23.000,Gris,Gasolina
Renault Logan 1.6 Privilege / Intens,$38.000.000,2017,107.500,Dorado,Gasolina
Renault Logan  Edicion Limitada ,$46.900.000,2023,22.900,Plateado,Gasolina
Renault Logan 1.6 Privilege / Intens,$35.900.000,2018,92.000,Rojo,Gasolina
Renault Logan 1.6 Expression Fii,$27.500.000,2015,130.000,Plateado,Gasolina
Renault Logan 1.6 Expression / Life +,$39.800.000,2020,54.000,Gris,Gasolina
Renault Logan 1.6 Authentique,$37.500.000,2019,71.000,Plateado,Gasolina
Renault Logan 1.6 Authentique / Life,$58.500.000,2022,18.600,Gris,Gasolina
Renault Logan 1.4 Expression,$20.500.000,2007,124.043,Gris,Gasolina
Renault Logan 1.6 Expression / Life +,$53.000.000,2023,18.000,Rojo,Gasolina
Renault Logan 1.4 Dynamique,$17.490.000,2006,242.000,Verde,Gasolina
Renault Logan 1.4 Entry Familier,$21.000.000,2011,109.172,Azul,Gasolina
Renault Logan 1.6 Life,$32.500.000,2018,109.000,Dorado,Gasolina
Renault Logan 1.6 Life,$46.600.000,2023,33.100,Blanco,Gasolina
Renault Logan 1.4 Dynamique,$18.000.000,2007,221.000,Rojo,Gasolina
Renault Logan 1.4 Entry Familier,$23.800.000,2010,95.500,Gris,Gasolina
Renault Logan 1.4 Entry Familier Fii,$25.000.000,2012,94.920,Gris,Gasolina
Renault Logan 1.4 Entry Familier Fii,$24.500.000,2012,153.000,Rojo,Gasolina
Renault - Logan 1.6,$45.000.000,2023,25.000,Gris,Gasolina
Renault Logan 1.6 Expression,$36.500.000,2017,86.600,Azul,Gasolina
Renault Logan 1.6 Privilege / Intens,$62.000.000,2023,24.000,Gris,Gasolina
Renault Logan 1.6 Dynamique Nd,$24.800.000,2011,149.000,Rojo,Gasolina
Renault Logan 1.6 Expression,$35.000.000,2017,78.891,Plateado,Gasolina
Renault Logan Sedan,$24.000.000,2007,280.357,Color not found,Gasolina
Renault Logan 1.6 Expression Fii,$25.500.000,2011,125.700,Negro,Gasolina
Renault Logan 1.6 Life,$51.500.000,2023,1.360,Gris,Gasolina
Renault Logan 1.6 Privilege / Intens,$39.800.000,2017,72.400,Color not found,Gasolina
Renault Logan 1.6 Expression / Life +,$50.000.000,2022,28.900,Color not found,Gasolina
Renault Logan Nigth & Day,$37.500.000,2018,59.000,Color not found,Gasolina
Renault Logan 1.6 Privilege / Intens,$50.000.000,2022,61.000,Color not found,Gasolina
 ,0,0,0,,
Renault Logan 1.6 Expression Fii,$28.500.000,2015,92.160,Color not found,Gasolina
Renault Logan 1.6 Privilege / Intens,$60.000.000,2022,42.000,Color not found,Gasolina
Renault Logan 1.6 Expression / Life +,$44.000.000,2022,21.700,Color not found,Gasolina
Renault Logan 1.6 Privilege / Intens,$51.600.000,2021,38.000,Plateado,Gasolina
Renault Logan 1.6 Polar,$40.000.000,2019,12.600,Gris,Gasolina
Renault Logan 1.6 Dynamique,$36.500.000,2016,100.000,Gris,Gasolina
Renault Logan 1.6 Authentique / Life,$42.000.000,2022,43.000,Dorado,Gasolina
Renault Logan 1.6 Expression,$33.500.000,2016,125.800,Rojo,Gasolina
Renault Logan 1.6 Dynamique,$36.500.000,2017,73.000,Gris,Gasolina
Renault Logan 1.4 Entry Familier Fii,$23.000.000,2013,102.700,Rojo,Gasolina
Renault Logan 1.6 Expression / Life +,$35.000.000,2017,87.000,Gris,Gasolina
Renault Logan 1.6 Dynamique,$36.500.000,2020,80.350,Plateado,Gasolina
Renault Logan 1.6 Dynamique Fii,$29.000.000,2012,67.000,Gris,Gasolina
Renault Logan 1.6 Expression,$34.500.000,2019,70.000,Gris,Gasolina
Renault Logan 1.4 Entry Familier,$23.000.000,2011,113.000,Rojo,Gasolina
Renault Logan 1.4 Entry Familier Fii,$23.600.000,2013,87.000,Negro,Gasolina
Renault Logan 1.6 Authentique,$35.000.000,2016,73.000,Rojo,Gasolina
Renault Logan 1.6 Expression Fii,$23.000.000,2012,92.000,Negro,Gasolina
Renault Logan 1.6 Life,$37.900.000,2019,7.000,Gris,Gasolina
Renault Logan 1.6 Expression / Life +,$43.900.000,2021,43.000,Color not found,Gasolina
Renault Logan 1.6 Dynamique Fii,$21.000.000,2011,174.600,Color not found,Gasolina
Renault Logan 1.6 Authentique,$31.000.000,2017,123.000,Color not found,Gasolina
Renault Logan 1.6 Dynamique,$14.000.000,2008,145.500,Color not found,Gasolina
Renault Logan 1.6 Expression,$37.000.000,2018,85.500,Gris,Gasolina
Renault Logan 1.6 Expression,$37.000.000,2018,43.000,Plateado,Gasolina
Renault Logan 1.4 Entry Familier,$25.500.000,2011,79.000,Color not found,Gasolina
Renault Logan 1.6 Authentique,$32.000.000,2017,127.000,Color not found,Gasolina
Renault Logan 1.4 Dynamique,$18.000.000,2007,194.000,Color not found,Gasolina
Renault Logan 1.6 Authentique,$38.500.000,2021,44.000,Gris,Gasolina
Renault Logan 1.6 Dynamique Fii,$29.500.000,2013,131.500,Rojo,Gasolina
Renault Logan 1.4 Dynamique,$19.000.000,2006,160.000,Plateado,Gasolina
Renault Logan 1.6 Expression Fii,$33.500.000,2016,47.000,Gris,Gasolina
Renault Logan 1.6 Expression Fii,$29.000.000,2014,168.000,Gris,Gasolina
Renault Logan,$42.000.000,2021,44.000,Gris,Gasolina
Renault Logan 1.4 Entry Familier,$25.000.000,2009,87.000,Azul,Gasolina
Renault Logan 1.4 Dynamique,$18.000.000,2007,221.403,Rojo,Gasolina
Renault Logan 1.6 Authentique / Life,$38.000.000,2019,66.000,Gris,Gasolina
Renault Logan 1.6 Expression,$35.000.000,2017,82.000,Gris,Gasolina
Renault Logan 1.6 Expression Fii,$23.000.000,2015,98.000,Rojo,Gasolina
Renault Logan Exclusive,$43.500.000,2018,56.700,Dorado,Gasolina
Renault Logan 1.6 Expression,$42.000.000,2019,40.200,Dorado,Gasolina
Renault Logan 1.6 Authentique,$34.000.000,2016,50.000,Rojo,Gasolina
Renault Logan Autentique,$33.000.000,2016,169.000,Gris,Gasolina
Renault Logan 1.6 Life,$33.000.000,2019,90.000,Gris,Gasolina
Renault Logan 1.6 Privilege / Intens,$36.500.000,2017,110.000,Dorado,Gasolina
Renault Logan 1.6 Authentique,$31.000.000,2017,90.000,Marrón,Gasolina
Renault Logan 1.6 Life,$47.000.000,2022,38.000,Plateado,Gasolina
Renault Logan 1.6 Authentique / Life,$39.000.000,2020,63.000,Gris,Gasolina
Renault Logan 1.6 Privilege / Intens,$48.000.000,2021,39.000,Rojo,Gasolina
Renault Logan 1.6 Dynamique,$22.500.000,2007,148.000,Color not found,Gasolina
Renault Logan 1.6 Authentique,$41.800.000,2020,57.000,Plateado,Gasolina
Renault Logan Privilege,$37.000.000,2017,63.000,Color not found,Gasolina
Renault Logan 1.6 Life Plus,$65.000.000,2024,5.000,Color not found,Gasolina
Renault Logan Polar,$45.000.000,2020,103.000,Color not found,Gasolina
 ,0,0,0,,
Renault Logan 1.6 Dynamique,$35.500.000,2016,94.500,Color not found,Gasolina
Renault Logan 1.6 Privilege / Intens,$34.000.000,2016,70.600,Color not found,Gasolina
Renault Logan 1.6 Expression / Life +,$45.000.000,2022,45.000,Dorado,Gasolina
Renault Logan 1.6 Expression Fii,$31.000.000,2011,11.254,Color not found,Gasolina
Renault Logan 1.4 Entry Familier Fii,$19.500.000,2014,156.000,Gris,Gasolina
Renault Logan 1.6 Privilege / Intens,$30.000.000,2016,117.000,Rojo,Gasolina
Renault Logan 1.6 Privilege / Intens,$39.400.000,2018,72.000,Gris,Gasolina
Renault Logan 1.6 Authentique / Life,$35.500.000,2018,85.717,Gris,Gasolina
Renault Logan 1.6 Authentique / Life,$43.000.000,2022,60.000,Gris,Gasolina
"Vendo Renault Logan 2018 Executive El Más Full De La Línea, ",$41.000.000,2018,76.000,Gris,Gasolina
Renault Logan 1.6 Life,$45.000.000,2020,41.000,Rojo,Gasolina
Renault Logan 1.6 Expression / Life +,$55.000.000,2023,28.000,Blanco,Gasolina
Renault Logan 1.6 Authentique,$32.000.000,2017,90.000,Gris,Gasolina
Renault Logan 1.6 Expression / Life +,$51.000.000,2022,34.000,Blanco,Gasolina
Renault Logan 1.6 Life,$49.000.000,2023,23.000,Gris,Gasolina
Renault Logan 1.6 Expression Fii,$31.000.000,2015,73.000,Gris,Gasolina
Renault Logan 1.6 Expression,$32.000.000,2017,68.000,Gris,Gasolina
Renault Logan 1.4 Entry Familier Fii,$25.000.000,2012,127.000,Gris,Gasolina
Renault Logan 1.6 Life,$35.000.000,2018,87.800,Gris,Gasolina
Renault Logan 1.6 Dynamique Fii,$27.800.000,2013,96.800,Gris,Gasolina
Renault Logan 1.4 Entry Familier,$22.000.000,2010,181.000,Azul,Gasolina
Renault Logan 1.6 Authentique / Life,$38.000.000,2019,99.000,Plateado,Gasolina
Renault Logan 1.6 Expression Fii,$26.500.000,2012,158.000,Negro,Gasolina
Renault Logan 1.4 Entry Familier Fii,$23.000.000,2012,185.000,Color not found,Gasolina
Renault Logan 2010,$21.500.000,2010,156.000,Gris,Gasolina
Renault Logan 1.6 Expression day&night,$36.800.000,2017,77.596,Plateado,Gasolina
Renault Logan Familier 1.4,$26.000.000,2011,120.564,Gris,Gasolina
Renault Logan 1.4 Entry Familier Fii,$25.500.000,2014,142.500,Rojo,Gasolina
Renault Logan 1.6 Authentique,$32.000.000,2017,66.000,Gris,Gasolina
Renault Logan 1.6 Dynamique Fii,$26.000.000,2012,191.000,Azul,Gasolina
Renault Logan 1.6 Expression,$34.000.000,2017,73.000,Blanco,Gasolina
Renault Logan 1.6 Expression,$35.850.000,2017,94.307,Gris,Gasolina
Renault Logan 1.6 Dynamique Fii,$27.000.000,2014,161.000,Plateado,Gasolina
Renault logan Logan 1.6 Expression,$36.000.000,2018,119.000,Plateado,Gasolina
Renault Logan 1.6 Expression Nd,$25.000.000,2011,107.000,Color not found,Gasolina
Renault Logan 1.4 Entry Familier Fii,$23.500.000,2014,116.000,Color not found,Gasolina
Renault Logan 1.6 Authentique / Life,$45.000.000,2022,34.529,Dorado,Gasolina
Renault Logan 1.6 Privilege / Intens,$40.500.000,2017,61.700,Color not found,Gasolina
Renault Logan 1.6 Authentique,$36.000.000,2016,38.000,Color not found,Gasolina
Renault Logan 1.6 Dynamique Nd,$25.400.000,2010,103.000,Negro,Gasolina
Renault Logan 1.6 Privilege / Intens,$60.000.000,2022,24.000,Color not found,Gasolina
Renault Logan 1.6 Privilege / Intens,$39.800.000,2018,58.800,Plateado,Gasolina
Renault Logan 1.6 Dynamique,$22.200.000,2008,120.000,Color not found,Gasolina
Renault Logan 1.6 Privilege / Intens,$43.000.000,2018,73.000,Gris,Gasolina
Renault Logan 1.4 Dynamique,$19.500.000,2007,169.000,Color not found,Gasolina
Renault Logan 1.6 Dynamique Fii,$29.000.000,2016,136.000,Color not found,Gasolina
Renault Logan 1.6 Life,$38.499.000,2018,84.000,Gris,Gasolina
Renault Logan 1.6 Authentique,$36.500.000,2016,68.500,Gris,Gasolina
Renault Logan 1.6 Dynamique,$35.000.000,2017,68.000,Gris,Gasolina
Renault Logan 1.6 Expression,$35.000.000,2018,68.000,Blanco,Gasolina
Renault Logan 1.6 Privilege / Intens,$34.000.000,2016,71.000,Negro,Gasolina
Renault Logan 1.4 Entry Familier,$21.000.000,2010,126.000,Plateado,Gasolina
Renault Logan 1.6 Expression Nd,$22.500.000,2010,110.000,Negro,Gasolina
Renault Logan 1.6 Dynamique Fii,$22.600.000,2012,150.000,Blanco,Gasolina
Renault Logan 1.4 Entry Familier,$23.600.000,2011,214.000,Blanco,Gasolina
Renault Logan 1.6 Life,$42.900.000,2020,79.000,Gris,Gasolina
Renault Logan 1.6 Expression Fii,$23.500.000,2012,198.000,Negro,Gasolina
Renault Logan 1.6 Expression Nd,$18.500.000,2008,199.000,Blanco,Gasolina
Renault Logan 1.6 Intens,$69.000.000,2024,2.000,Gris,Gasolina
Renault Logan 1.6 Expression Fii,$25.500.000,2012,115.700,Color not found,Gasolina
Renault Logan 1.6 Expression / Life +,$48.000.000,2022,21.000,Gris,Gasolina
Renault Logan 1.6 Expression Fii,$23.500.000,2012,161.500,Negro,Gasolina
Renault Logan 1.6 Zen,$68.000.000,2024,8.000,Blanco,Gasolina
Renault Logan Life +,$38.500.000,2019,46.500,Gris,Gasolina
Renault Logan 1.6 Life,$45.000.000,2019,42.663,Gris,Gasolina
Renault Logan 1.6 Dynamique Nd,$23.000.000,2010,20,Blanco,Gasolina
Renault Logan 1.5 Como Nuevo Mod 2022,$53.000.000,2022,1.826,Gris,Gasolina
Renault Logan 1.6 Life,$37.000.000,2019,48.000,Color not found,Gasolina
Renault Logan 1.6 Authentique,$31.000.000,2016,125.000,Color not found,Gasolina
Renault Logan 1.4 Expression,$20.500.000,2007,150.000,Color not found,Gasolina
Renault Logan 1.6 Authentique / Life,$55.500.000,2023,3.000,Color not found,Gasolina
Renault Logan 1.6 Dynamique Nd,$23.900.000,2010,81.000,Color not found,Gasolina
Renault Logan 1.4 Entry Familier Fii,$22.000.000,2012,164.000,Color not found,Gasolina
Renault Logan 2022,$52.000.000,2022,13.000,Color not found,Gasolina
Renault Logan 1.6 Expression,$30.500.000,2016,174.000,Color not found,Gasolina
Renault Logan 1.6 Expression,$35.000.000,2019,96.000,Negro,Gasolina
Renault Logan 1.6 Authentique / Life,$44.900.000,2022,30.500,Plateado,Gasolina
Renault Logan 1.4 Entry Familier Fii,$19.900.000,2012,198.716,Color not found,Gasolina
Renault Logan 1.6 Expression,$40.500.000,2020,37.737,Color not found,Gasolina
Renault Logan 1.6 Life,$54.500.000,2023,8.200,Gris,Gasolina
Renault Logan Exclusive 16v,$46.000.000,2019,49.000,Gris,Gasolina
Renault Logan Familier,$25.000.000,2014,127.457,Gris,Gasolina
Renault Logan 1.6 Privilege / Intens,$46.000.000,2020,48.000,Plateado,Gasolina
Renault Logan 1.6 Authentique / Life,$51.000.000,2022,17.000,Gris,Gasolina
Renault Logan 1.6 Dynamique,$38.000.000,2017,76.200,Gris,Gasolina
Renault Logan 1.6 Privilege / Intens,$45.000.000,2020,38.000,Gris,Gasolina
Renault Logan 1.6 Expression Nd,$24.000.000,2011,276.000,Negro,Gasolina
Renault Logan 1.4 Entry Familier Fii,$25.000.000,2014,146.000,Gris,Gasolina
Renault Logan 1.6 Expression / Life +,$49.000.000,2022,28.600,Gris,Gasolina
Renault Logan 1.6 Life,$57.000.000,2023,10.000,Gris,Gasolina
Vendo Renault Logan Modelo 2022,$57.000.000,2022,2.031,Gris,Gasolina
Renault Logan 1.6 Dynamique Fii,$26.000.000,2016,220.000,Blanco,Gasolina
Renault Logan 1.6 Privilege / Intens,$56.500.000,2022,41.500,Plateado,Gasolina
Renault Logan 1.4 Expression,$20.900.000,2007,177.100,Azul,Gasolina
Renault Logan 1.6 Privilege / Intens,$51.000.000,2021,49.000,Rojo,Gasolina
Renault Logan 1.4 Dynamique,$20.000.000,2007,160.000,Plateado,Gasolina
Renault Logan 1.6 Authentique,$46.000.000,2019,45.841,Plateado,Gasolina
Renault Logan 1.6 Expression Fii,$25.000.000,2015,156.500,Gris,Gasolina
Renault Logan 1.6 Authentique,$35.000.000,2016,101.000,Dorado,Gasolina
Renault Logan 1.6 Dynamique Fii,$25.000.000,2012,127.000,Gris,Gasolina
Renault Logan 1.6 Expression Fii,$23.900.000,2012,138.000,Gris,Gasolina
Renault Logan 1.6 Privilege / Intens,$42.500.000,2019,45.600,Dorado,Gasolina
Renault Logan 1.6 Expression / Life +,$41.000.000,2019,100.000,Gris,Gasolina
Renault Logan 1.6 Expression Fii,$23.000.000,2011,164.779,Gris,Gasolina
Renault Logan 1.6 Dynamique Fii,$23.300.000,2011,145.000,Gris,Gasolina
Renault Logan 1.6 Expression Fii,$22.000.000,2012,133.000,Azul,Gasolina
Renault Logan 1.6 Authentique,$39.000.000,2018,31.500,Gris,Gasolina
Renault Logan 1.6 Dynamique Fii,$25.953.000,2013,78.000,Gris,Gasolina
Renault Logan Familier 1.4,$32.000.000,2014,95.000,Color not found,Gasolina
Renault Logan 1.4 Entry Familier Fii,$24.500.000,2015,180.000,Color not found,Gasolina
Renault Logan 1.4 Expression,$22.000.000,2007,168.000,Color not found,Gasolina
Renault Logan 1.4 Entry Familier,$20.000.000,2010,150.000,Color not found,Gasolina
Renault Logan 1.6 Privilege / Intens,$35.500.000,2018,70.000,Rojo,Gasolina
Renault Logan 1.4 Dynamique,$19.100.000,2006,167.000,Azul,Gasolina y gas
Renault Logan 1.4 familier S/A,$22.500.000,2012,126.238,Plateado,Gasolina
Renault Logan 1.6 Privilege / Intens,$55.000.000,2022,20.522,Plateado,Gasolina
Renault Logan 1.6 Authentique,$35.000.000,2017,78.000,Gris,Gasolina
Renault Logan 1.6 Expression,$19.500.000,2006,180.000,Plateado,Gasolina
Renault Logan Exclusive 2018 Automático,$45.000.000,2018,60.000,Gris,Gasolina
Renault Logan 1.4 Dynamique,$19.700.000,2006,290.000,Plateado,Gasolina
Renault Logan 1.6 Expression Fii,$23.600.000,2012,150.000,Gris,Gasolina
Renault Logan 1.4 Entry Familier Fii,$26.800.000,2012,72.400,Rojo,Gasolina
Renault Logan 1.6 Life,$43.000.000,2021,48.870,Gris,Gasolina
Renault Logan 1.4 Entry Familier Fii,$30.000.000,2015,136.000,Negro,Gasolina
Renault Logan 1.6 Life,$40.900.000,2021,65.000,Dorado,Gasolina
Renault Logan 1.6 Dynamique Nd,$25.000.000,2008,62.000,Gris,Gasolina
Renault Logan 1.6 Expression,$20.500.000,2008,171.200,Gris,Gasolina
Renault Logan 1.6 Expression,$35.000.000,2017,87.000,Gris,Gasolina
Renault Logan 1.6 Expression,$36.800.000,2016,70.631,Gris,Gasolina
Renault Logan 1.6 Expression / Life +,$50.000.000,2023,60.000,Blanco,Gasolina
Renault Logan 1.6 Expression / Life +,$58.000.000,2023,26.000,Blanco,Gasolina
Renault Logan 1.4 Entry Familier Fii,$27.000.000,2015,111,Gris,Gasolina
Renault Logan 1.6 Authentique,$28.000.000,2016,158.000,Blanco,Gasolina
Renault Logan 1.6 Privilege / Intens,$47.000.000,2019,42.608,Plateado,Gasolina
Renault Logan 1.6 Life,$38.000.000,2019,45.000,Gris,Gasolina
Renault Logan 1.6 Authentique,$43.800.000,2022,41.238,Plateado,Gasolina
Renault Logan 1.6 Privilege / Intens,$36.400.000,2016,101.607,Dorado,Gasolina
Renault Logan 1.6 Expression / Life +,$50.000.000,2022,39.000,Gris,Gasolina
Renault Logan 1.6 Dynamique,$19.000.000,2006,200.200,Gris,Gasolina
Renault Logan 1.4 Entry Familier Fii,$28.350.000,2015,140.000,Rojo,Gasolina
Renault Logan 1.6 Authentique / Life,$48.000.000,2023,23.422,Gris,Gasolina
Renault Logan 1.6 Expression / Life +,$150.000.000,2019,280.000,Amarillo,Gasolina
Renault Logan 1.6 Dynamique,$45.000.000,2019,39.000,Rojo,Gasolina
Renault Logan 1.6 Dynamique Nd,$19.400.000,2009,97.000,Plateado,Gasolina
Renault Logan 1.6 Expression,$24.500.000,2008,55.000,Blanco,Gasolina
Renault Logan 1.6 Dynamique,$32.500.000,2016,98.000,Plateado,Gasolina
Renault Logan 1.4 Dynamique,$16.000.000,2007,218.000,Azul,Gasolina
Renault Logan 1.6 Expression,$37.000.000,2017,83.748,Plateado,Gasolina
Renault Logan 1.6 Life,$34.900.000,2018,79.500,Blanco,Gasolina
Renault Logan 1.6 Dynamique Fii,$28.700.000,2013,96.000,Azul,Gasolina
Renault Logan 1.6 Authentique / Life,$44.500.000,2022,44.000,Blanco,Gasolina
Renault Logan 1.4 Entry Familier Fii,$31.000.000,2014,145.000,Negro,Gasolina
Logan Renault,$21.000.000,2009,168.116,Gris,Gasolina
Renault Logan Tripvadsor,$34.000.000,2018,79.000,Rojo,Gasolina
Renault Logan 1.6 Expression / Life +,$46.500.000,2022,55.900,Gris,Gasolina
Renault Logan Automático,$32.000.000,2017,99.000,Color not found,Gasolina y gas
Renault Logan 1.4 Entry Familier Fii,$29.000.000,2014,111.084,Color not found,Gasolina
Renault Logan 1.4 Entry Familier Fii,$30.500.000,2013,22.000,Rojo,Gasolina
Renault Logan 1.6 Authentique / Life,$45.000.000,2021,58.000,Blanco,Gasolina
Renault Logan 1.6 Expression,$35.000.000,2017,65.500,Gris,Gasolina
Renault Logan 1.6 Expression,$29.000.000,2016,35.321,Gris,Gasolina
Renault Logan 1.6 Authentique,$27.700.000,2016,203.210,Blanco,Gasolina
Renault Logan 1.4 Entry Familier,$23.000.000,2011,109.300,Gris,Gasolina
Renault Logan Life Placa Blanca ,$56.000.000,2023,Publicado,Color not found,Fuel type not found
Renault Logan 1.4 Entry Familier Fii,$22.000.000,2012,110.000,Gris,Gasolina
Renault Logan 1.4 Dynamique,$19.000.000,2007,1,Blanco,Gasolina
Renault Logan 1.6 Privilege / Intens,$46.700.000,2019,44.000,Dorado,Gasolina
Renault Logan,$39.000.000,2019,170.000,Gris,Gasolina
"Renault Logan Life 2019 Automatico, 60.000 Km, Motor 1.6 ",$40.000.000,2019,Publicado,Color not found,Fuel type not found
Renault Logan 1.4 Entry Familier Fii,$22.000.000,2013,178.000,Blanco,Gasolina
Renault Logan 1.6 Expression / Life +,$51.500.000,2020,85.000,Gris,Gasolina
Renault Logan 1.6 Authentique / Life,$43.000.000,2020,44.500,Gris,Gasolina
Renault Logan 1.6 Expression Fii,$27.000.000,2012,160.000,Blanco,Gasolina
Renault Logan 1.6 Life,$35.000.000,2019,130.000,Rojo,Híbrido
Renault Logan 1.6 Expression / Life +,$47.000.000,2022,10.000,Gris,Gasolina
Renault Logan 1.6 Dynamique Fii,$23.000.000,2014,118.000,Gris,Gasolina
Renault Logan 1.4 Expression,$20.000.000,2007,206.000,Gris,Gasolina
Renault Logan 1.4 Entry Familier Fii,$31.000.000,2015,160.000,Blanco,Gasolina
Renault Logan 1.4 Expression,$18.000.000,2007,170.000,Gris,Gasolina
Renault Logan 1.4 Entry Familier,$19.000.000,2011,101.000,Color not found,Gasolina
Renault Logan 1.6 Life,$38.000.000,2020,138.000,Color not found,Gasolina
Renault Logan 1.6 Dynamique,$37.500.000,2017,60.400,Gris,Gasolina
Renault Logan 1.4 Entry Familier,$24.500.000,2010,150.000,Rojo,Gasolina
Renault Logan 1.6 Privilege / Intens,$50.000.000,2020,37.000,Dorado,Gasolina
Renault Logan 1.6 Life Plus,$70.000.000,2024,2.000,Blanco,Gasolina
